image_id,cell_id,x,y,area,circularity,mean_intensity,mean_saturation,nucleus_score,patch_path,bbox_min_row,bbox_min_col,bbox_max_row,bbox_max_col,cell_type,review_status
4-1 10x,4-1 10x_0001,1970.0375790213066,144.28061343947553,17084.0,0.44617996254998077,48.13498009833763,57.932451416530085,0.2639896979630063,data/annotations/patches_v2/4-1 10x/4-1 10x_0001.jpg,0,1933,299,2008,,pending
4-1 10x,4-1 10x_0002,2004.5,144.5,2900.0,0.10259243609984235,48.0951724137931,58.20655172413793,0.25655172413793104,data/annotations/patches_v2/4-1 10x/4-1 10x_0002.jpg,0,1992,298,2018,,pending
4-1 10x,4-1 10x_0003,2015.0,144.5,3190.0,0.11209808128490108,48.317554858934166,58.456112852664575,0.264576802507837,data/annotations/patches_v2/4-1 10x/4-1 10x_0003.jpg,0,2002,298,2029,,pending
4-1 10x,4-1 10x_0004,345.0,1508.0,7601.0,0.04873315461211432,37.944086304433625,36.1366925404552,0.279700039468491,data/annotations/patches_v2/4-1 10x/4-1 10x_0004.jpg,1495,0,1522,699,,pending
4-1 10x,4-1 10x_0005,345.0,1518.0,6219.0,0.04010140457113432,37.97362920083615,36.30422897571957,0.28364688856729375,data/annotations/patches_v2/4-1 10x/4-1 10x_0005.jpg,1506,0,1531,699,,pending
4-1 10x,4-1 10x_0006,345.0,1528.0,7601.0,0.04873315461211432,37.58400210498618,36.76753058808052,0.25286146559663203,data/annotations/patches_v2/4-1 10x/4-1 10x_0006.jpg,1515,0,1542,699,,pending
4-1 10x,4-1 10x_0007,3627.3436171035337,1527.5001933039512,12933.0,0.06007142513111605,37.94943168638367,44.31748240934045,0.27039356684450633,data/annotations/patches_v2/4-1 10x/4-1 10x_0007.jpg,1512,3215,1544,4032,,pending
4-1 10x,4-1 10x_0008,345.0,1538.5,6910.0,0.044429719211187595,37.945151953690306,36.68162083936324,0.2962373371924747,data/annotations/patches_v2/4-1 10x/4-1 10x_0008.jpg,1526,0,1552,699,,pending
4-1 10x,4-1 10x_0009,3627.5,1541.0,8888.0,0.04183211334584702,37.81143114311431,44.50945094509451,0.26935193519351935,data/annotations/patches_v2/4-1 10x/4-1 10x_0009.jpg,1528,3216,1555,4032,,pending
4-1 10x,4-1 10x_0010,345.0,1548.0,6219.0,0.04010140457113432,37.74320630326419,36.79321434314198,0.2973146808168516,data/annotations/patches_v2/4-1 10x/4-1 10x_0010.jpg,1536,0,1561,699,,pending
4-1 10x,4-1 10x_0011,3627.5,1551.5,8080.0,0.03812245987271351,37.529950495049505,44.71002475247525,0.2675742574257426,data/annotations/patches_v2/4-1 10x/4-1 10x_0011.jpg,1539,3216,1565,4032,,pending
4-1 10x,4-1 10x_0012,345.0,1559.5,9674.0,0.0614957787713855,37.77672110812487,36.73123837089105,0.2959479015918958,data/annotations/patches_v2/4-1 10x/4-1 10x_0012.jpg,1545,0,1575,699,,pending
4-1 10x,4-1 10x_0013,3627.5,1562.5,9696.0,0.045523523844917584,37.62572194719472,44.70472359735974,0.26051980198019803,data/annotations/patches_v2/4-1 10x/4-1 10x_0013.jpg,1549,3216,1577,4032,,pending
4-1 40x,4-1 40x_0001,521.0,1420.5,10430.0,0.029663934196095733,12.587823585810163,69.8352828379674,0.3884947267497603,data/annotations/patches_v2/4-1 40x/4-1 40x_0001.jpg,1408,0,1434,1051,,pending
4-1 40x,4-1 40x_0002,3789.0,1428.0,5335.0,0.06868001773058707,15.661668228678538,95.37507029053421,0.2903467666354264,data/annotations/patches_v2/4-1 40x/4-1 40x_0002.jpg,1415,3539,1442,4032,,pending
4-1 40x,4-1 40x_0003,521.0,1430.5,10430.0,0.029663934196095733,12.462320230105465,72.04525407478428,0.42732502396931926,data/annotations/patches_v2/4-1 40x/4-1 40x_0003.jpg,1418,0,1444,1051,,pending
4-1 40x,4-1 40x_0004,3789.0,1438.5,4850.0,0.06268992824455355,15.730309278350516,94.89628865979381,0.26329896907216493,data/annotations/patches_v2/4-1 40x/4-1 40x_0004.jpg,1426,3539,1452,4032,,pending
4-1 40x,4-1 40x_0005,521.0,1441.0,11473.0,0.03256832225657059,12.48784101804236,71.0601412010808,0.43720038350910834,data/annotations/patches_v2/4-1 40x/4-1 40x_0005.jpg,1428,0,1455,1051,,pending
4-1 40x,4-1 40x_0006,3789.0,1448.5,4850.0,0.06268992824455355,15.832164948453608,93.25711340206186,0.47175257731958764,data/annotations/patches_v2/4-1 40x/4-1 40x_0006.jpg,1436,3539,1462,4032,,pending
4-1 40x,4-1 40x_0007,521.0,1451.0,9387.0,0.026748417450564523,12.802918930435709,71.32853946947907,0.4023649728347715,data/annotations/patches_v2/4-1 40x/4-1 40x_0007.jpg,1439,0,1464,1051,,pending
4-1 40x,4-1 40x_0008,3789.0,1458.5,4850.0,0.06268992824455355,15.68762886597938,95.26907216494845,0.2707216494845361,data/annotations/patches_v2/4-1 40x/4-1 40x_0008.jpg,1446,3539,1472,4032,,pending
4-1 40x,4-1 40x_0009,521.0,1460.5,10430.0,0.029663934196095733,12.788111217641418,71.30249280920422,0.4041227229146692,data/annotations/patches_v2/4-1 40x/4-1 40x_0009.jpg,1448,0,1474,1051,,pending
4-1 40x,4-1 40x_0010,3789.0,1468.0,4365.0,0.056650521898834384,15.741122565864833,95.33837342497137,0.2891179839633448,data/annotations/patches_v2/4-1 40x/4-1 40x_0010.jpg,1456,3539,1481,4032,,pending
4-1 40x,4-1 40x_0011,521.0,1472.0,13559.0,0.03834390250030066,12.860682941219855,70.31204366103695,0.39022051773729627,data/annotations/patches_v2/4-1 40x/4-1 40x_0011.jpg,1458,0,1487,1051,,pending
4-1 40x,4-1 40x_0012,3789.0,1478.0,5335.0,0.06868001773058707,15.717150890346767,93.85529522024368,0.27160262417994374,data/annotations/patches_v2/4-1 40x/4-1 40x_0012.jpg,1465,3539,1492,4032,,pending
4-1 40x,4-1 40x_0013,3789.0,1488.5,4850.0,0.06268992824455355,15.66082474226804,93.37876288659794,0.29855670103092785,data/annotations/patches_v2/4-1 40x/4-1 40x_0013.jpg,1476,3539,1502,4032,,pending
4-1 40x,4-1 40x_0014,3789.0,1499.0,5335.0,0.06868001773058707,15.628865979381443,94.62680412371134,0.2903467666354264,data/annotations/patches_v2/4-1 40x/4-1 40x_0014.jpg,1486,3539,1513,4032,,pending
4-1 40x,4-1 40x_0015,2278.5,2865.0,3170.0,0.09428495821897888,13.899369085173502,85.4634069400631,0.2858044164037855,data/annotations/patches_v2/4-1 40x/4-1 40x_0015.jpg,2699,2266,3024,2292,,pending
4-1 40x,4-1 40x_0016,2289.0,2865.0,3487.0,0.10307815106955107,13.9386291941497,83.90421565815888,0.2887869228563235,data/annotations/patches_v2/4-1 40x/4-1 40x_0016.jpg,2699,2276,3024,2303,,pending
4-1 40x,4-1 40x_0017,2299.0,2865.0,2853.0,0.08538107606206828,13.590956887486856,86.71293375394322,0.3242201191728006,data/annotations/patches_v2/4-1 40x/4-1 40x_0017.jpg,2699,2287,3024,2312,,pending
4-1 40x,4-1 40x_0018,2309.0,2865.0,3487.0,0.10307815106955107,13.784341841124176,82.97591052480642,0.30857470605104675,data/annotations/patches_v2/4-1 40x/4-1 40x_0018.jpg,2699,2296,3024,2323,,pending
4-1 40x,4-1 40x_0019,2319.5,2865.0,3170.0,0.09428495821897888,13.950473186119874,81.9820189274448,0.28675078864353315,data/annotations/patches_v2/4-1 40x/4-1 40x_0019.jpg,2699,2307,3024,2333,,pending
4-10 10x,4-10 10x_0001,1965.992781520693,147.92877767083735,10390.0,0.30026782867814555,20.25245428296439,112.6344562078922,0.2973051010587103,data/annotations/patches_v2/4-10 10x/4-10 10x_0001.jpg,0,1941,305,1992,,pending
4-10 10x,4-10 10x_0002,1988.5,147.5,2960.0,0.10062234087848194,19.911824324324325,113.29797297297297,0.28885135135135137,data/annotations/patches_v2/4-10 10x/4-10 10x_0002.jpg,0,1976,304,2002,,pending
4-10 10x,4-10 10x_0003,1999.0,147.5,3256.0,0.1099599643116191,19.87162162162162,114.07125307125307,0.3230958230958231,data/annotations/patches_v2/4-10 10x/4-10 10x_0003.jpg,0,1986,304,2013,,pending
4-10 10x,4-10 10x_0004,2009.0,147.5,2664.0,0.09115884966793243,19.65427927927928,116.1768018018018,0.32545045045045046,data/annotations/patches_v2/4-10 10x/4-10 10x_0004.jpg,0,1997,304,2022,,pending
4-10 10x,4-10 10x_0005,2019.0,147.5,3256.0,0.1099599643116191,20.07585995085995,114.09766584766585,0.30896805896805896,data/annotations/patches_v2/4-10 10x/4-10 10x_0005.jpg,0,2006,304,2033,,pending
4-10 10x,4-10 10x_0006,371.0,1546.5,7430.0,0.04138651069088913,27.356931359353972,69.48048452220726,0.28613728129205923,data/annotations/patches_v2/4-10 10x/4-10 10x_0006.jpg,1534,0,1560,751,,pending
4-10 10x,4-10 10x_0007,371.0,1559.5,11888.0,0.06517287957203566,27.29937752355316,70.0528263795424,0.30198519515477795,data/annotations/patches_v2/4-10 10x/4-10 10x_0007.jpg,1544,0,1576,751,,pending
4-10 10x,4-10 10x_0008,3648.5,1564.5,10724.0,0.05566054879543642,15.147053338306602,85.00400969787393,0.2867400223797091,data/annotations/patches_v2/4-10 10x/4-10 10x_0008.jpg,1550,3258,1580,4032,,pending
4-10 10x,4-10 10x_0009,3648.411669865643,1580.000460652591,13025.0,0.06701391516170489,15.347332053742802,84.06341650671786,0.2585028790786948,data/annotations/patches_v2/4-10 10x/4-10 10x_0009.jpg,1564,3257,1597,4032,,pending
4-10 40x,4-10 40x_0001,1947.979443254818,129.22355460385438,11675.0,0.39963689156161153,19.47340471092077,110.40847965738757,0.251134903640257,data/annotations/patches_v2/4-10 40x/4-10 40x_0001.jpg,0,1918,269,1979,,pending
4-10 40x,4-10 40x_0002,1977.5,128.5,3612.0,0.155657512548235,19.04983388704319,111.51135105204872,0.2666112956810631,data/annotations/patches_v2/4-10 40x/4-10 40x_0002.jpg,0,1963,266,1993,,pending
4-10 40x,4-10 40x_0003,2010.017029972752,129.03125946109597,13212.0,0.43685066841066883,19.190281562216168,105.57826218589162,0.25817438692098094,data/annotations/patches_v2/4-10 40x/4-10 40x_0003.jpg,0,1977,269,2044,,pending
4-10 40x,4-10 40x_0004,374.0,1491.0,8239.0,0.045049083953965625,31.71258647894162,62.79062993081685,0.324918072581624,data/annotations/patches_v2/4-10 40x/4-10 40x_0004.jpg,1478,0,1505,757,,pending
4-10 40x,4-10 40x_0005,374.0,1501.5,7490.0,0.04106198418527482,31.999732977303072,63.05353805073431,0.31174899866488653,data/annotations/patches_v2/4-10 40x/4-10 40x_0005.jpg,1489,0,1515,757,,pending
4-10 40x,4-10 40x_0006,374.0,1511.0,6741.0,0.03705361705622882,31.994659546061417,64.17890520694259,0.3045542204420709,data/annotations/patches_v2/4-10 40x/4-10 40x_0006.jpg,1499,0,1524,757,,pending
4-10 40x,4-10 40x_0007,374.0,1520.5,7490.0,0.04106198418527482,31.946728971962617,64.79078771695595,0.28678237650200267,data/annotations/patches_v2/4-10 40x/4-10 40x_0007.jpg,1508,0,1534,757,,pending
4-10 40x,4-10 40x_0008,3650.0,1520.5,7630.0,0.040324190200356505,18.01480996068152,80.31965923984272,0.5652686762778506,data/annotations/patches_v2/4-10 40x/4-10 40x_0008.jpg,1508,3261,1534,4032,,pending
4-10 40x,4-10 40x_0009,374.0,1530.5,7490.0,0.04106198418527482,32.18170894526035,63.897329773030705,0.2739652870493992,data/annotations/patches_v2/4-10 40x/4-10 40x_0009.jpg,1518,0,1544,757,,pending
4-10 40x,4-10 40x_0010,3650.0,1531.0,8393.0,0.04424177015084152,18.149171928988444,79.35910878112713,0.5490289526986775,data/annotations/patches_v2/4-10 40x/4-10 40x_0010.jpg,1518,3261,1545,4032,,pending
4-10 40x,4-10 40x_0011,374.0,1541.5,8988.0,0.049015042625021585,32.57109479305741,63.48831775700935,0.277369826435247,data/annotations/patches_v2/4-10 40x/4-10 40x_0011.jpg,1528,0,1556,757,,pending
4-10 40x,4-10 40x_0012,3649.735130970724,1545.000693374422,12980.0,0.06729813831152577,18.03975346687211,79.63520801232666,0.25084745762711863,data/annotations/patches_v2/4-10 40x/4-10 40x_0012.jpg,1529,3260,1562,4032,,pending
4-2 10x,4-2 10x_0001,775.0174680810519,926.1146541319952,15743.0,0.03801927887756897,17.324842787270534,72.48319888204281,0.2836181159880582,data/annotations/patches_v2/4-2 10x/4-2 10x_0001.jpg,911,199,942,1349,,pending
4-2 40x,4-2 40x_0001,511.0,1407.5,10230.0,0.03023487488837651,16.61485826001955,86.31397849462365,0.27947214076246335,data/annotations/patches_v2/4-2 40x/4-2 40x_0001.jpg,1395,0,1421,1031,,pending
4-2 40x,4-2 40x_0002,511.0,1418.0,11253.0,0.03319393941436619,16.64018483959833,84.87541100151071,0.2642850795343464,data/annotations/patches_v2/4-2 40x/4-2 40x_0002.jpg,1405,0,1432,1031,,pending
4-2 40x,4-2 40x_0003,511.0,1428.5,10230.0,0.03023487488837651,16.28553274682307,85.98729227761486,0.25718475073313785,data/annotations/patches_v2/4-2 40x/4-2 40x_0003.jpg,1416,0,1442,1031,,pending
4-2 40x,4-2 40x_0004,511.0,1438.5,10230.0,0.03023487488837651,15.918279569892473,88.61309872922776,0.2860215053763441,data/annotations/patches_v2/4-2 40x/4-2 40x_0004.jpg,1426,0,1452,1031,,pending
4-2 40x,4-2 40x_0005,511.0,1448.0,9207.0,0.027264250694317302,15.912023460410557,88.5721733463669,0.27663734115347016,data/annotations/patches_v2/4-2 40x/4-2 40x_0005.jpg,1436,0,1461,1031,,pending
4-2 40x,4-2 40x_0006,511.0,1457.5,10230.0,0.03023487488837651,16.0613880742913,87.4724340175953,0.26285434995112417,data/annotations/patches_v2/4-2 40x/4-2 40x_0006.jpg,1445,0,1471,1031,,pending
4-2 40x,4-2 40x_0007,3781.5,1461.0,7500.0,0.08953161239326611,10.4376,95.8688,0.2812,data/annotations/patches_v2/4-2 40x/4-2 40x_0007.jpg,1446,3524,1477,4032,,pending
4-2 40x,4-2 40x_0008,511.0,1470.0,15345.0,0.044915605079433235,16.162854349951125,85.26340827631151,0.26471163245356794,data/annotations/patches_v2/4-2 40x/4-2 40x_0008.jpg,1455,0,1486,1031,,pending
4-2 40x,4-2 40x_0009,2250.0,2864.5,3498.0,0.10277184956613357,10.875071469411091,104.78158947970269,0.6492281303602059,data/annotations/patches_v2/4-2 40x/4-2 40x_0009.jpg,2698,2237,3024,2264,,pending
4-2 40x,4-2 40x_0010,2260.5,2864.5,3180.0,0.09400301703503652,11.213836477987421,101.86320754716981,0.6122641509433963,data/annotations/patches_v2/4-2 40x/4-2 40x_0010.jpg,2698,2248,3024,2274,,pending
4-2 40x,4-2 40x_0011,2270.0,2864.5,2862.0,0.08512414839833361,11.05590496156534,103.47798742138365,0.6303284416491963,data/annotations/patches_v2/4-2 40x/4-2 40x_0011.jpg,2698,2258,3024,2283,,pending
4-2 40x,4-2 40x_0012,2280.0,2864.5,3498.0,0.10277184956613357,11.1052029731275,103.45940537449971,0.6532304173813608,data/annotations/patches_v2/4-2 40x/4-2 40x_0012.jpg,2698,2267,3024,2294,,pending
4-2 40x,4-2 40x_0013,2290.0,2864.5,2862.0,0.08512414839833361,11.371767994409504,99.743535988819,0.6146051712089448,data/annotations/patches_v2/4-2 40x/4-2 40x_0013.jpg,2698,2278,3024,2303,,pending
4-2 40x,4-2 40x_0014,2299.5,2864.5,3180.0,0.09400301703503652,11.013522012578616,103.4679245283019,0.660062893081761,data/annotations/patches_v2/4-2 40x/4-2 40x_0014.jpg,2698,2287,3024,2313,,pending
4-2 40x,4-2 40x_0015,2311.0,2864.5,4134.0,0.11998544017461225,11.190856313497823,99.47411707789067,0.5880503144654088,data/annotations/patches_v2/4-2 40x/4-2 40x_0015.jpg,2698,2297,3024,2326,,pending
4-3 10x,4-3 10x_0001,1928.5,161.0,3230.0,0.0926182151595461,50.89597523219814,22.108359133126935,0.2848297213622291,data/annotations/patches_v2/4-3 10x/4-3 10x_0001.jpg,0,1916,331,1942,,pending
4-3 10x,4-3 10x_0002,1938.5,161.0,3230.0,0.0926182151595461,50.6764705882353,21.321981424148607,0.30557275541795664,data/annotations/patches_v2/4-3 10x/4-3 10x_0002.jpg,0,1926,331,1952,,pending
4-3 10x,4-3 10x_0003,1949.0,161.0,3553.0,0.10126722581474575,50.932169997185476,20.861525471432593,0.28032648466085,data/annotations/patches_v2/4-3 10x/4-3 10x_0003.jpg,0,1936,331,1963,,pending
4-3 10x,4-3 10x_0004,1960.5,161.0,3876.0,0.10981082997695027,51.014447884416924,21.12358101135191,0.2742518059855521,data/annotations/patches_v2/4-3 10x/4-3 10x_0004.jpg,0,1947,331,1975,,pending
4-3 10x,4-3 10x_0005,1986.008868477314,161.4104838071106,12629.0,0.30493651870506594,51.29178874020113,18.799746614933884,0.2869585873782564,data/annotations/patches_v2/4-3 10x/4-3 10x_0005.jpg,0,1959,332,2014,,pending
4-3 10x,4-3 10x_0006,365.0,1529.5,7310.0,0.04205119799044788,50.91272229822162,17.17906976744186,0.27674418604651163,data/annotations/patches_v2/4-3 10x/4-3 10x_0006.jpg,1517,0,1543,739,,pending
4-3 10x,4-3 10x_0007,3617.0,1537.5,8290.0,0.03717521485857836,44.40579010856454,34.36079613992762,0.2646562123039807,data/annotations/patches_v2/4-3 10x/4-3 10x_0007.jpg,1525,3195,1551,4032,,pending
4-3 10x,4-3 10x_0008,365.0,1540.0,8041.0,0.04613138518538262,51.07486631016043,19.104464618828505,0.2829250093271981,data/annotations/patches_v2/4-3 10x/4-3 10x_0008.jpg,1527,0,1554,739,,pending
4-3 10x,4-3 10x_0009,3617.0,1547.5,8290.0,0.03717521485857836,44.541133896260554,34.46344993968637,0.25416164053075996,data/annotations/patches_v2/4-3 10x/4-3 10x_0009.jpg,1535,3195,1561,4032,,pending
4-3 10x,4-3 10x_0010,365.0,1550.0,6579.0,0.03794871157667623,50.9952880376957,19.331965344277247,0.2734458124335005,data/annotations/patches_v2/4-3 10x/4-3 10x_0010.jpg,1538,0,1563,739,,pending
4-3 10x,4-3 10x_0011,3617.0,1558.0,9119.0,0.040795198546495694,44.562232700954056,34.574843732865446,0.25485250575721025,data/annotations/patches_v2/4-3 10x/4-3 10x_0011.jpg,1545,3195,1572,4032,,pending
4-3 10x,4-3 10x_0012,365.0,1560.0,8041.0,0.04613138518538262,50.96468100982465,19.242134062927498,0.2753388881979853,data/annotations/patches_v2/4-3 10x/4-3 10x_0012.jpg,1547,0,1574,739,,pending
4-3 10x,4-3 10x_0013,3617.0,1569.0,9119.0,0.040795198546495694,44.17249698431846,35.38282706437109,0.25068538216909747,data/annotations/patches_v2/4-3 10x/4-3 10x_0013.jpg,1556,3195,1583,4032,,pending
4-3 10x,4-3 10x_0014,365.0,1570.0,6579.0,0.03794871157667623,50.780817753457974,19.12372701018392,0.25216598267213863,data/annotations/patches_v2/4-3 10x/4-3 10x_0014.jpg,1558,0,1583,739,,pending
4-3 10x,4-3 10x_0015,365.0,1580.5,8772.0,0.05018940877081827,50.714318285453714,19.184450524395803,0.2780437756497948,data/annotations/patches_v2/4-3 10x/4-3 10x_0015.jpg,1567,0,1595,739,,pending
4-3 40x,4-3 40x_0001,3674.0,1510.5,7150.0,0.042971381869318565,41.8406993006993,40.384195804195805,0.2558041958041958,data/annotations/patches_v2/4-3 40x/4-3 40x_0001.jpg,1498,3309,1524,4032,,pending
4-3 40x,4-3 40x_0002,3674.0,1521.0,7865.0,0.04713803421080653,41.98906547997457,40.31760966306421,0.27527018436109346,data/annotations/patches_v2/4-3 40x/4-3 40x_0002.jpg,1508,3309,1535,4032,,pending
4-3 40x,4-3 40x_0003,416.0,1535.0,10829.0,0.04775879198260915,40.261889371133066,43.16622033428756,0.26336688521562474,data/annotations/patches_v2/4-3 40x/4-3 40x_0003.jpg,1521,0,1550,841,,pending
4-4 10x,4-4 10x_0001,364.0,1449.5,7290.0,0.042164060255039576,47.07681755829904,21.692592592592593,0.27983539094650206,data/annotations/patches_v2/4-4 10x/4-4 10x_0001.jpg,1437,0,1463,737,,pending
4-4 10x,4-4 10x_0002,364.0,1460.0,8019.0,0.046254859117398794,47.079186931038784,22.38658186806335,0.2628756702830777,data/annotations/patches_v2/4-4 10x/4-4 10x_0002.jpg,1447,0,1474,737,,pending
4-4 10x,4-4 10x_0003,3631.5,1460.5,8000.0,0.03849613583949849,44.19725,31.93225,0.27,data/annotations/patches_v2/4-4 10x/4-4 10x_0003.jpg,1448,3224,1474,4032,,pending
4-4 10x,4-4 10x_0004,364.0,1470.5,7290.0,0.042164060255039576,47.181069958847736,22.369410150891632,0.2661179698216735,data/annotations/patches_v2/4-4 10x/4-4 10x_0004.jpg,1458,0,1484,737,,pending
4-4 10x,4-4 10x_0005,3631.5,1470.5,8000.0,0.03849613583949849,44.41275,32.1125,0.277,data/annotations/patches_v2/4-4 10x/4-4 10x_0005.jpg,1458,3224,1484,4032,,pending
4-4 10x,4-4 10x_0006,364.0,1480.0,6561.0,0.03805084290857351,47.309556470050296,22.372351775643956,0.25605852766346593,data/annotations/patches_v2/4-4 10x/4-4 10x_0006.jpg,1468,0,1493,737,,pending
4-4 10x,4-4 10x_0007,3631.5,1481.0,8800.0,0.0422411274759545,44.24590909090909,32.785568181818185,0.25,data/annotations/patches_v2/4-4 10x/4-4 10x_0007.jpg,1468,3224,1495,4032,,pending
4-4 10x,4-4 10x_0008,364.0,1489.5,7290.0,0.042164060255039576,47.371056241426615,21.81454046639232,0.259122085048011,data/annotations/patches_v2/4-4 10x/4-4 10x_0008.jpg,1477,0,1503,737,,pending
4-4 10x,4-4 10x_0009,3631.5,1491.5,8000.0,0.03849613583949849,44.316,32.92025,0.25225,data/annotations/patches_v2/4-4 10x/4-4 10x_0009.jpg,1479,3224,1505,4032,,pending
4-4 10x,4-4 10x_0010,364.0,1500.0,8019.0,0.046254859117398794,47.42025190173338,21.727522134929544,0.26300037411148525,data/annotations/patches_v2/4-4 10x/4-4 10x_0010.jpg,1487,0,1514,737,,pending
4-4 10x,4-4 10x_0011,3631.5,1501.0,7200.0,0.03473244044266711,44.471111111111114,32.650416666666665,0.2504166666666667,data/annotations/patches_v2/4-4 10x/4-4 10x_0011.jpg,1489,3224,1514,4032,,pending
4-4 10x,4-4 10x_0012,364.0,1510.0,6561.0,0.03805084290857351,47.26063100137174,21.31275720164609,0.25986892242036275,data/annotations/patches_v2/4-4 10x/4-4 10x_0012.jpg,1498,0,1523,737,,pending
4-4 10x,4-4 10x_0013,3631.5,1511.0,8800.0,0.0422411274759545,44.46579545454546,32.12556818181818,0.2539772727272727,data/annotations/patches_v2/4-4 10x/4-4 10x_0013.jpg,1498,3224,1525,4032,,pending
4-4 10x,4-4 10x_0014,364.0,1520.0,8019.0,0.046254859117398794,47.32659932659933,21.4188801596209,0.25327347549569773,data/annotations/patches_v2/4-4 10x/4-4 10x_0014.jpg,1507,0,1534,737,,pending
4-4 10x,4-4 10x_0015,3631.5,1521.0,7200.0,0.03473244044266711,44.54819444444445,32.04833333333333,0.25277777777777777,data/annotations/patches_v2/4-4 10x/4-4 10x_0015.jpg,1509,3224,1534,4032,,pending
4-4 10x,4-4 10x_0016,364.0,1531.5,8748.0,0.050323376199786336,47.10539551897577,21.55841335162323,0.26760402377686326,data/annotations/patches_v2/4-4 10x/4-4 10x_0016.jpg,1518,0,1546,737,,pending
4-4 10x,4-4 10x_0017,3631.5,1531.0,8800.0,0.0422411274759545,44.51693181818182,31.929204545454546,0.2531818181818182,data/annotations/patches_v2/4-4 10x/4-4 10x_0017.jpg,1518,3224,1545,4032,,pending
4-4 10x,4-4 10x_0018,1946.5,2887.0,2730.0,0.10861751933612968,46.242490842490845,28.153846153846153,0.30952380952380953,data/annotations/patches_v2/4-4 10x/4-4 10x_0018.jpg,2743,1934,3024,1960,,pending
4-4 10x,4-4 10x_0019,1956.5,2887.0,2730.0,0.10861751933612968,46.60879120879121,28.12783882783883,0.29194139194139196,data/annotations/patches_v2/4-4 10x/4-4 10x_0019.jpg,2743,1944,3024,1970,,pending
4-4 10x,4-4 10x_0020,1967.0,2887.0,3003.0,0.11863340298186899,46.38095238095238,28.475857475857477,0.299034299034299,data/annotations/patches_v2/4-4 10x/4-4 10x_0020.jpg,2743,1954,3024,1981,,pending
4-4 10x,4-4 10x_0021,1977.5,2887.0,2730.0,0.10861751933612968,46.36007326007326,28.453846153846154,0.2956043956043956,data/annotations/patches_v2/4-4 10x/4-4 10x_0021.jpg,2743,1965,3024,1991,,pending
4-4 10x,4-4 10x_0022,1987.0,2887.0,2457.0,0.09845526976875155,46.21164021164021,28.742368742368743,0.30565730565730564,data/annotations/patches_v2/4-4 10x/4-4 10x_0022.jpg,2743,1975,3024,2000,,pending
4-4 10x,4-4 10x_0023,1997.0,2887.0,3003.0,0.11863340298186899,46.28471528471528,28.636363636363637,0.2907092907092907,data/annotations/patches_v2/4-4 10x/4-4 10x_0023.jpg,2743,1984,3024,2011,,pending
4-4 10x,4-4 10x_0024,2009.0,2887.0,3549.0,0.13823537402784883,46.07805015497323,27.545787545787547,0.30881938574246265,data/annotations/patches_v2/4-4 10x/4-4 10x_0024.jpg,2743,1995,3024,2024,,pending
4-4 40x,4-4 40x_0001,2000.0,136.5,3014.0,0.11822797460225046,62.053085600530856,52.9386197743862,0.2966157929661579,data/annotations/patches_v2/4-4 40x/4-4 40x_0001.jpg,0,1987,282,2014,,pending
4-4 40x,4-4 40x_0002,2010.0,136.5,2466.0,0.09811384713659185,61.91930251419303,53.31589618815896,0.30697485806974856,data/annotations/patches_v2/4-4 40x/4-4 40x_0002.jpg,0,1998,282,2023,,pending
4-4 40x,4-4 40x_0003,2020.0,136.5,3014.0,0.11822797460225046,61.98274717982747,54.00530856005309,0.30059721300597214,data/annotations/patches_v2/4-4 40x/4-4 40x_0003.jpg,0,2007,282,2034,,pending
4-4 40x,4-4 40x_0004,2031.0,136.5,3014.0,0.11822797460225046,61.92302587923026,54.78135368281354,0.28931652289316523,data/annotations/patches_v2/4-4 40x/4-4 40x_0004.jpg,0,2018,282,2045,,pending
4-4 40x,4-4 40x_0005,2044.0012150668288,136.66707168894288,4115.0,0.15649599549149346,61.90255164034022,55.43159173754557,0.29817739975698665,data/annotations/patches_v2/4-4 40x/4-4 40x_0005.jpg,0,2029,283,2060,,pending
4-4 40x,4-4 40x_0006,3659.384496124031,1528.0,9675.0,0.05326360317459739,50.83193798449612,65.34346253229974,0.2549870801033592,data/annotations/patches_v2/4-4 40x/4-4 40x_0006.jpg,1514,3279,1543,4032,,pending
4-4 40x,4-4 40x_0007,3659.5,1540.0,8184.0,0.04534459642964903,50.54863147605083,65.2591642228739,0.28091397849462363,data/annotations/patches_v2/4-4 40x/4-4 40x_0007.jpg,1527,3280,1554,4032,,pending
4-4 40x,4-4 40x_0008,368.5,1541.0,8118.0,0.04570436885756671,40.57896033505789,48.7209903917221,0.26496674057649666,data/annotations/patches_v2/4-4 40x/4-4 40x_0008.jpg,1528,0,1555,746,,pending
4-4 40x,4-4 40x_0009,368.5,1552.0,8118.0,0.04570436885756671,40.588445429908845,48.48571076619857,0.26053215077605324,data/annotations/patches_v2/4-4 40x/4-4 40x_0009.jpg,1539,0,1566,746,,pending
4-5 10x,4-5 10x_0001,1977.0,173.0,3817.0,0.09461762371190696,46.8103222425989,18.320670683783074,0.25596017815037986,data/annotations/patches_v2/4-5 10x/4-5 10x_0001.jpg,0,1964,355,1991,,pending
4-5 10x,4-5 10x_0002,1987.0,173.0,3123.0,0.07829162961761407,46.53602305475504,19.06372078130003,0.27825808517451167,data/annotations/patches_v2/4-5 10x/4-5 10x_0002.jpg,0,1975,355,2000,,pending
4-5 10x,4-5 10x_0003,1996.5,173.0,3470.0,0.08650130139223633,46.89596541786744,19.14265129682997,0.2602305475504323,data/annotations/patches_v2/4-5 10x/4-5 10x_0003.jpg,0,1984,355,2010,,pending
4-5 10x,4-5 10x_0004,2006.5,173.0,3470.0,0.08650130139223633,46.744380403458216,18.47406340057637,0.2801152737752161,data/annotations/patches_v2/4-5 10x/4-5 10x_0004.jpg,0,1994,355,2020,,pending
4-5 10x,4-5 10x_0005,2017.0,173.0,3817.0,0.09461762371190696,46.851716007335604,18.654440660204347,0.26041393764736703,data/annotations/patches_v2/4-5 10x/4-5 10x_0005.jpg,0,2004,355,2031,,pending
4-5 10x,4-5 10x_0006,2029.5,173.0,4858.0,0.11841820835607433,46.94874433923425,18.407575133799917,0.2589543021819679,data/annotations/patches_v2/4-5 10x/4-5 10x_0006.jpg,0,2015,355,2045,,pending
4-5 10x,4-5 10x_0007,3650.0,1566.0,8393.0,0.04424177015084152,43.188728702490174,27.222685571309423,0.26855713094245204,data/annotations/patches_v2/4-5 10x/4-5 10x_0007.jpg,1553,3261,1580,4032,,pending
4-5 10x,4-5 10x_0008,3650.0,1576.5,7630.0,0.040324190200356505,43.35045871559633,26.670117955439057,0.2600262123197903,data/annotations/patches_v2/4-5 10x/4-5 10x_0008.jpg,1564,3261,1590,4032,,pending
4-5 10x,4-5 10x_0009,3650.0,1586.5,7630.0,0.040324190200356505,43.01821756225426,27.03328964613368,0.2745740498034076,data/annotations/patches_v2/4-5 10x/4-5 10x_0009.jpg,1574,3261,1600,4032,,pending
4-5 10x,4-5 10x_0010,3650.0,1596.0,6867.0,0.03638609673165982,43.05956021552352,26.772535313819716,0.27391874180865006,data/annotations/patches_v2/4-5 10x/4-5 10x_0010.jpg,1584,3261,1609,4032,,pending
4-5 10x,4-5 10x_0011,3650.0,1607.5,10682.0,0.0558726205629905,42.91003557386257,26.91920988578918,0.2687698932784123,data/annotations/patches_v2/4-5 10x/4-5 10x_0011.jpg,1593,3261,1623,4032,,pending
4-5 40x,4-5 40x_0001,1848.0,230.0,5071.0,0.07211867970282408,56.82587260895287,37.07256951291659,0.2754880694143167,data/annotations/patches_v2/4-5 40x/4-5 40x_0001.jpg,0,1835,469,1862,,pending
4-5 40x,4-5 40x_0002,1858.0,230.0,4149.0,0.05951159653619718,56.7177633164618,36.7999517956134,0.277175222945288,data/annotations/patches_v2/4-5 40x/4-5 40x_0002.jpg,0,1846,469,1871,,pending
4-5 40x,4-5 40x_0003,1867.5,230.0,4610.0,0.06584231810661412,56.59132321041215,37.13427331887202,0.2787418655097614,data/annotations/patches_v2/4-5 40x/4-5 40x_0003.jpg,0,1855,469,1881,,pending
4-5 40x,4-5 40x_0004,1877.5,230.0,4610.0,0.06584231810661412,56.92407809110629,37.08177874186551,0.2804772234273319,data/annotations/patches_v2/4-5 40x/4-5 40x_0004.jpg,0,1865,469,1891,,pending
4-5 40x,4-5 40x_0005,1888.0,230.0,5071.0,0.07211867970282408,56.94419246696904,37.24551370538355,0.2786432656280812,data/annotations/patches_v2/4-5 40x/4-5 40x_0005.jpg,0,1875,469,1902,,pending
4-5 40x,4-5 40x_0006,1899.0,230.0,5071.0,0.07211867970282408,57.04732794320647,37.00709919148097,0.2672056793531848,data/annotations/patches_v2/4-5 40x/4-5 40x_0006.jpg,0,1886,469,1913,,pending
4-5 40x,4-5 40x_0007,352.5,1602.0,7766.0,0.047723817395038066,38.989312387329385,56.77169714138552,0.26925057944887976,data/annotations/patches_v2/4-5 40x/4-5 40x_0007.jpg,1589,0,1616,714,,pending
4-5 40x,4-5 40x_0008,352.5,1612.0,6354.0,0.03926612307380967,38.935158954988985,56.71891721750079,0.2728989612842304,data/annotations/patches_v2/4-5 40x/4-5 40x_0008.jpg,1600,0,1625,714,,pending
4-5 40x,4-5 40x_0009,352.5,1623.0,9178.0,0.056086664711065826,39.02277184571802,56.60743081281325,0.2642187840488124,data/annotations/patches_v2/4-5 40x/4-5 40x_0009.jpg,1609,0,1638,714,,pending
4-5 40x,4-5 40x_0010,3545.0,1626.0,14595.0,0.047162860965425726,46.88866050017129,53.8863309352518,0.2682425488180884,data/annotations/patches_v2/4-5 40x/4-5 40x_0010.jpg,1611,3051,1642,4032,,pending
4-5 40x,4-5 40x_0011,352.6740736181214,1640.9997537855472,16246.0,0.09645677912127985,38.71636095038779,56.6227994583282,0.27009725470885143,data/annotations/patches_v2/4-5 40x/4-5 40x_0011.jpg,1622,0,1661,715,,pending
4-7 10x,4-7 10x_0001,2160.0,665.0,19965.0,0.034723272596527015,11.375857751064363,141.23686451289757,0.3355872777360381,data/annotations/patches_v2/4-7 10x/4-7 10x_0001.jpg,0,2145,1339,2176,,pending
4-7 10x,4-7 10x_0002,2269.5,5472.5,5736.0,0.07566923987583585,8.110704323570433,97.91806136680614,0.7791143654114365,data/annotations/patches_v2/4-7 10x/4-7 10x_0002.jpg,5226,2256,5712,2284,,pending
4-7 40x,4-7 40x_0001,2074.5,848.0,16970.0,0.01833930816949245,22.90901591043017,67.33671184443135,0.28350029463759574,data/annotations/patches_v2/4-7 40x/4-7 40x_0001.jpg,0,2062,1705,2088,,pending
4-7 40x,4-7 40x_0002,2085.0,848.0,18667.0,0.020149596165165862,23.013392617988963,68.85369904108855,0.2563347083087802,data/annotations/patches_v2/4-7 40x/4-7 40x_0002.jpg,0,2072,1705,2099,,pending
4-7 40x,4-7 40x_0003,2095.0,848.0,15273.0,0.016524755545594495,23.172919531198847,68.33392260852484,0.2513586066915472,data/annotations/patches_v2/4-7 40x/4-7 40x_0003.jpg,0,2083,1705,2108,,pending
4-7 40x,4-7 40x_0004,2105.0,848.0,18667.0,0.020149596165165862,22.85385975250442,69.65436331494081,0.2592810842663524,data/annotations/patches_v2/4-7 40x/4-7 40x_0004.jpg,0,2092,1705,2119,,pending
4-7 40x,4-7 40x_0005,2115.5,848.0,16970.0,0.01833930816949245,22.923099587507366,68.69540365350619,0.2527990571596936,data/annotations/patches_v2/4-7 40x/4-7 40x_0005.jpg,0,2103,1705,2129,,pending
4-7 40x,4-7 40x_0006,2125.5,848.0,16970.0,0.01833930816949245,22.949499116087214,67.64820271066588,0.25291691219799645,data/annotations/patches_v2/4-7 40x/4-7 40x_0006.jpg,0,2113,1705,2139,,pending
4-8 10x,4-8 10x_0001,2097.0,159.0,3509.0,0.1024673615170154,14.662866913650612,112.19150755200911,0.27700199487033345,data/annotations/patches_v2/4-8 10x/4-8 10x_0001.jpg,0,2084,327,2111,,pending
4-8 10x,4-8 10x_0002,2107.5,159.0,3190.0,0.09372275589364383,14.808777429467085,109.45705329153606,0.2579937304075235,data/annotations/patches_v2/4-8 10x/4-8 10x_0002.jpg,0,2095,327,2121,,pending
4-8 10x,4-8 10x_0003,2117.0,159.0,2871.0,0.08486876160616035,14.967955416231279,108.26192964123999,0.5444096133751306,data/annotations/patches_v2/4-8 10x/4-8 10x_0003.jpg,0,2105,327,2130,,pending
4-8 10x,4-8 10x_0004,2126.5,159.0,3190.0,0.09372275589364383,14.881818181818181,107.84294670846396,0.25235109717868337,data/annotations/patches_v2/4-8 10x/4-8 10x_0004.jpg,0,2114,327,2140,,pending
4-8 10x,4-8 10x_0005,2137.0,159.0,3509.0,0.1024673615170154,14.931889427187233,106.95497292675977,0.5394699344542605,data/annotations/patches_v2/4-8 10x/4-8 10x_0005.jpg,0,2124,327,2151,,pending
4-8 10x,4-8 10x_0006,2148.0,159.0,3509.0,0.1024673615170154,14.575662581932175,104.82758620689656,0.2992305500142491,data/annotations/patches_v2/4-8 10x/4-8 10x_0006.jpg,0,2135,327,2162,,pending
4-8 10x,4-8 10x_0007,440.0,1540.5,8810.0,0.03502049329086039,14.130079455164585,85.56356413166856,0.2601589103291714,data/annotations/patches_v2/4-8 10x/4-8 10x_0007.jpg,1528,0,1554,889,,pending
4-8 10x,4-8 10x_0008,3698.0,1548.5,6670.0,0.04599050315378638,13.658770614692653,83.60689655172413,0.33988005997001497,data/annotations/patches_v2/4-8 10x/4-8 10x_0008.jpg,1536,3357,1562,4032,,pending
4-8 10x,4-8 10x_0009,440.0,1550.5,8810.0,0.03502049329086039,14.26311010215664,86.01373439273553,0.36572077185017027,data/annotations/patches_v2/4-8 10x/4-8 10x_0009.jpg,1538,0,1564,889,,pending
4-8 10x,4-8 10x_0010,3698.0,1558.5,6670.0,0.04599050315378638,13.64152923538231,83.76266866566716,0.3265367316341829,data/annotations/patches_v2/4-8 10x/4-8 10x_0010.jpg,1546,3357,1572,4032,,pending
4-8 10x,4-8 10x_0011,440.0,1560.5,8810.0,0.03502049329086039,14.27116912599319,85.88490351872872,0.37241770715096484,data/annotations/patches_v2/4-8 10x/4-8 10x_0011.jpg,1548,0,1574,889,,pending
4-8 10x,4-8 10x_0012,3698.0,1569.0,7337.0,0.05043999093910471,13.57107809731498,84.39743764481396,0.3505519967289083,data/annotations/patches_v2/4-8 10x/4-8 10x_0012.jpg,1556,3357,1583,4032,,pending
4-8 10x,4-8 10x_0013,440.0,1572.0,11453.0,0.04522092323086618,14.377892255304287,84.36767659128613,0.3453243691609185,data/annotations/patches_v2/4-8 10x/4-8 10x_0013.jpg,1558,0,1587,889,,pending
4-8 10x,4-8 10x_0014,3698.0,1579.0,6003.0,0.041514367255808204,13.650841246043646,83.78444111277695,0.3399966683325004,data/annotations/patches_v2/4-8 10x/4-8 10x_0014.jpg,1567,3357,1592,4032,,pending
4-8 10x,4-8 10x_0015,3698.0,1588.5,6670.0,0.04599050315378638,13.252773613193403,85.43748125937032,0.4122938530734633,data/annotations/patches_v2/4-8 10x/4-8 10x_0015.jpg,1576,3357,1602,4032,,pending
4-8 10x,4-8 10x_0016,3698.0,1599.5,8004.0,0.054863008012438014,13.257371314342828,86.3979260369815,0.3844327836081959,data/annotations/patches_v2/4-8 10x/4-8 10x_0016.jpg,1586,3357,1614,4032,,pending
4-8 40x,4-8 40x_0001,406.0,1483.5,8130.0,0.03789257370647337,17.103444034440344,64.74034440344404,0.25313653136531367,data/annotations/patches_v2/4-8 40x/4-8 40x_0001.jpg,1471,0,1497,821,,pending
4-8 40x,4-8 40x_0002,406.0,1494.0,8943.0,0.04158047711808111,16.843676618584368,65.01330649670133,0.29788661522978865,data/annotations/patches_v2/4-8 40x/4-8 40x_0002.jpg,1481,0,1508,821,,pending
4-8 40x,4-8 40x_0003,3661.0,1498.0,8151.0,0.04552377194561849,18.98441908968225,59.086001717580665,0.2629125260704208,data/annotations/patches_v2/4-8 40x/4-8 40x_0003.jpg,1485,3283,1512,4032,,pending
4-8 40x,4-8 40x_0004,406.0,1506.0,10569.0,0.04890230693837562,16.89734128110512,64.4329643296433,0.28337591068218376,data/annotations/patches_v2/4-8 40x/4-8 40x_0004.jpg,1492,0,1521,821,,pending
4-8 40x,4-8 40x_0005,3661.0,1508.0,6669.0,0.03744616911905962,19.146048882890987,58.058179637127004,0.26675663517768783,data/annotations/patches_v2/4-8 40x/4-8 40x_0005.jpg,1496,3283,1521,4032,,pending
4-8 40x,4-8 40x_0006,3661.0,1518.0,8151.0,0.04552377194561849,19.006624953993374,58.72935836093731,0.2691694270641639,data/annotations/patches_v2/4-8 40x/4-8 40x_0006.jpg,1505,3283,1532,4032,,pending
4-8 40x,4-8 40x_0007,3661.0,1528.0,6669.0,0.03744616911905962,19.05877942720048,59.514919778077676,0.2711051132103764,data/annotations/patches_v2/4-8 40x/4-8 40x_0007.jpg,1516,3283,1541,4032,,pending
4-8 40x,4-8 40x_0008,3661.0,1538.0,8151.0,0.04552377194561849,19.261562998405104,58.368666421298,0.31775242301558093,data/annotations/patches_v2/4-8 40x/4-8 40x_0008.jpg,1525,3283,1552,4032,,pending
4-8 40x,4-8 40x_0009,2050.0,2884.5,3058.0,0.11663356766110537,14.782864617396992,71.63113145846958,0.36134728580771747,data/annotations/patches_v2/4-8 40x/4-8 40x_0009.jpg,2738,2037,3024,2064,,pending
4-8 40x,4-8 40x_0010,2062.0,2884.5,3614.0,0.13593845679617717,14.816270060874377,72.67349197565025,0.3345323741007194,data/annotations/patches_v2/4-8 40x/4-8 40x_0010.jpg,2738,2048,3024,2077,,pending
4-9 10x,4-9 10x_0001,1928.5,161.0,3230.0,0.0926182151595461,50.89597523219814,22.108359133126935,0.2848297213622291,data/annotations/patches_v2/4-9 10x/4-9 10x_0001.jpg,0,1916,331,1942,,pending
4-9 10x,4-9 10x_0002,1938.5,161.0,3230.0,0.0926182151595461,50.6764705882353,21.321981424148607,0.30557275541795664,data/annotations/patches_v2/4-9 10x/4-9 10x_0002.jpg,0,1926,331,1952,,pending
4-9 10x,4-9 10x_0003,1949.0,161.0,3553.0,0.10126722581474575,50.932169997185476,20.861525471432593,0.28032648466085,data/annotations/patches_v2/4-9 10x/4-9 10x_0003.jpg,0,1936,331,1963,,pending
4-9 10x,4-9 10x_0004,1960.5,161.0,3876.0,0.10981082997695027,51.014447884416924,21.12358101135191,0.2742518059855521,data/annotations/patches_v2/4-9 10x/4-9 10x_0004.jpg,0,1947,331,1975,,pending
4-9 10x,4-9 10x_0005,1986.008868477314,161.4104838071106,12629.0,0.30493651870506594,51.29178874020113,18.799746614933884,0.2869585873782564,data/annotations/patches_v2/4-9 10x/4-9 10x_0005.jpg,0,1959,332,2014,,pending
4-9 10x,4-9 10x_0006,365.0,1529.5,7310.0,0.04205119799044788,50.91272229822162,17.17906976744186,0.27674418604651163,data/annotations/patches_v2/4-9 10x/4-9 10x_0006.jpg,1517,0,1543,739,,pending
4-9 10x,4-9 10x_0007,3617.0,1537.5,8290.0,0.03717521485857836,44.40579010856454,34.36079613992762,0.2646562123039807,data/annotations/patches_v2/4-9 10x/4-9 10x_0007.jpg,1525,3195,1551,4032,,pending
4-9 10x,4-9 10x_0008,365.0,1540.0,8041.0,0.04613138518538262,51.07486631016043,19.104464618828505,0.2829250093271981,data/annotations/patches_v2/4-9 10x/4-9 10x_0008.jpg,1527,0,1554,739,,pending
4-9 10x,4-9 10x_0009,3617.0,1547.5,8290.0,0.03717521485857836,44.541133896260554,34.46344993968637,0.25416164053075996,data/annotations/patches_v2/4-9 10x/4-9 10x_0009.jpg,1535,3195,1561,4032,,pending
4-9 10x,4-9 10x_0010,365.0,1550.0,6579.0,0.03794871157667623,50.9952880376957,19.331965344277247,0.2734458124335005,data/annotations/patches_v2/4-9 10x/4-9 10x_0010.jpg,1538,0,1563,739,,pending
4-9 10x,4-9 10x_0011,3617.0,1558.0,9119.0,0.040795198546495694,44.562232700954056,34.574843732865446,0.25485250575721025,data/annotations/patches_v2/4-9 10x/4-9 10x_0011.jpg,1545,3195,1572,4032,,pending
4-9 10x,4-9 10x_0012,365.0,1560.0,8041.0,0.04613138518538262,50.96468100982465,19.242134062927498,0.2753388881979853,data/annotations/patches_v2/4-9 10x/4-9 10x_0012.jpg,1547,0,1574,739,,pending
4-9 10x,4-9 10x_0013,3617.0,1569.0,9119.0,0.040795198546495694,44.17249698431846,35.38282706437109,0.25068538216909747,data/annotations/patches_v2/4-9 10x/4-9 10x_0013.jpg,1556,3195,1583,4032,,pending
4-9 10x,4-9 10x_0014,365.0,1570.0,6579.0,0.03794871157667623,50.780817753457974,19.12372701018392,0.25216598267213863,data/annotations/patches_v2/4-9 10x/4-9 10x_0014.jpg,1558,0,1583,739,,pending
4-9 10x,4-9 10x_0015,365.0,1580.5,8772.0,0.05018940877081827,50.714318285453714,19.184450524395803,0.2780437756497948,data/annotations/patches_v2/4-9 10x/4-9 10x_0015.jpg,1567,0,1595,739,,pending
4-9 40x,4-9 40x_0001,1891.4957996639732,163.96063685094808,12499.0,0.2952138226639909,54.76718137450996,44.96239699175934,0.2803424273941915,data/annotations/patches_v2/4-9 40x/4-9 40x_0001.jpg,0,1865,337,1919,,pending
4-9 40x,4-9 40x_0002,1915.9994462901439,163.68217054263565,3612.0,0.0996714709863799,55.11074197120709,45.30481727574751,0.2643964562569214,data/annotations/patches_v2/4-9 40x/4-9 40x_0002.jpg,0,1903,337,1930,,pending
4-9 40x,4-9 40x_0003,1939.5054054054053,163.9445945945946,11840.0,0.2827414265486752,55.68564189189189,45.85827702702703,0.2940878378378378,data/annotations/patches_v2/4-9 40x/4-9 40x_0003.jpg,0,1914,337,1966,,pending
4-9 40x,4-9 40x_0004,3600.0,1529.0,9493.0,0.03922115544320752,38.109554408511535,58.659749288949754,0.27188454650795324,data/annotations/patches_v2/4-9 40x/4-9 40x_0004.jpg,1516,3161,1543,4032,,pending
4-9 40x,4-9 40x_0005,3600.0,1539.5,8630.0,0.035737515637145785,37.86164542294322,59.64577056778679,0.2836616454229432,data/annotations/patches_v2/4-9 40x/4-9 40x_0005.jpg,1527,3161,1553,4032,,pending
4-9 40x,4-9 40x_0006,343.5,1539.5,6880.0,0.04461899990235206,42.10203488372093,9.791279069767441,0.28415697674418605,data/annotations/patches_v2/4-9 40x/4-9 40x_0006.jpg,1527,0,1553,696,,pending
4-9 40x,4-9 40x_0007,3600.0,1549.0,7767.0,0.03223774625502963,37.650959186301016,60.31414960731299,0.2711471610660487,data/annotations/patches_v2/4-9 40x/4-9 40x_0007.jpg,1537,3161,1562,4032,,pending
4-9 40x,4-9 40x_0008,343.5,1550.0,7568.0,0.04894016620187678,42.102933403805494,9.394688160676532,0.2523784355179704,data/annotations/patches_v2/4-9 40x/4-9 40x_0008.jpg,1537,0,1564,696,,pending
4-9 40x,4-9 40x_0009,3600.0,1559.0,9493.0,0.03922115544320752,37.82460760560413,60.50237016749183,0.25555672600863794,data/annotations/patches_v2/4-9 40x/4-9 40x_0009.jpg,1546,3161,1573,4032,,pending
4-9 40x,4-9 40x_0010,343.5,1560.0,6192.0,0.040272743048554424,42.15197028423773,9.348675710594316,0.2525839793281654,data/annotations/patches_v2/4-9 40x/4-9 40x_0010.jpg,1548,0,1573,696,,pending
4-9 40x,4-9 40x_0011,3600.0,1569.0,7767.0,0.03223774625502963,37.6969228788464,60.32367709540363,0.2565984292519634,data/annotations/patches_v2/4-9 40x/4-9 40x_0011.jpg,1557,3161,1582,4032,,pending
4-9 40x,4-9 40x_0012,343.5,1571.0,8944.0,0.057507873896506786,42.076811270125226,11.381372987477638,0.27996422182468694,data/annotations/patches_v2/4-9 40x/4-9 40x_0012.jpg,1557,0,1586,696,,pending
4-9 40x,4-9 40x_0013,3600.0,1578.5,8630.0,0.035737515637145785,37.65063731170336,60.17276940903824,0.3120509849362688,data/annotations/patches_v2/4-9 40x/4-9 40x_0013.jpg,1566,3161,1592,4032,,pending
4-9 40x,4-9 40x_0014,3600.0,1591.0,12945.0,0.05299607610965142,37.749401313248356,59.25083043646195,0.2526844341444573,data/annotations/patches_v2/4-9 40x/4-9 40x_0014.jpg,1576,3161,1607,4032,,pending
